{"cameraMode":{"drawMode":0,"name":"Shaded","section":"Shading Mode"},"sceneLighting":true,"audioPlay":false,"sceneViewState":{"showFog":true,"showMaterialUpdate":false,"showSkybox":true,"showFlares":true,"showImageEffects":true,"showParticleSystems":true},"in2DMode":false,"pivot":{"x":-2.526097297668457,"y":2.384066609578038e-16,"z":-5.736881256103516},"rotation":{"x":-0.48777729272842409,"y":-0.4269067943096161,"z":0.2969945967197418,"w":-0.7011773586273193},"size":7.071067810058594,"orthographic":false}