{"cameraMode":{"drawMode":0,"name":"Shaded","section":"Shading Mode"},"sceneLighting":true,"audioPlay":false,"sceneViewState":{"showFog":true,"showMaterialUpdate":false,"showSkybox":true,"showFlares":true,"showImageEffects":true,"showParticleSystems":true},"in2DMode":false,"pivot":{"x":-3.9289674758911135,"y":-2.190070152282715,"z":8.866896629333496},"rotation":{"x":-0.3372175395488739,"y":0.1681613177061081,"z":-0.06137138977646828,"w":-0.9243640303611755},"size":11.651104927062989,"orthographic":false}