{"cameraMode":{"drawMode":0,"name":"Shaded","section":"Shading Mode"},"sceneLighting":true,"audioPlay":false,"sceneViewState":{"showFog":true,"showMaterialUpdate":false,"showSkybox":true,"showFlares":true,"showImageEffects":true,"showParticleSystems":true},"in2DMode":false,"pivot":{"x":-7.444646835327148,"y":-2.788973808288574,"z":-3.0986814498901369},"rotation":{"x":0.4347364008426666,"y":-0.08324798941612244,"z":0.04045814275741577,"w":0.8958406448364258},"size":9.432433128356934,"orthographic":false}